{"v":"5.7.4","fr":30,"ip":0,"op":30,"w":512,"h":512,"nm":"Little04","ddd":0,"assets":[],"layers":[{"ddd":0,"ind":1,"ty":4,"nm":"Download text ","parent":7,"sr":1,"ks":{"o":{"a":0,"k":100,"ix":11},"r":{"a":0,"k":0,"ix":10},"p":{"a":0,"k":[106.407,105.751,0],"ix":2,"l":2},"a":{"a":0,"k":[0,0,0],"ix":1,"l":2},"s":{"a":0,"k":[100,100,100],"ix":6,"l":2}},"ao":0,"shapes":[{"ty":"gr","it":[{"ind":0,"ty":"sh","ix":1,"ks":{"a":0,"k":{"i":[[0,0],[-1.438,1.379],[0,2.758],[1.466,1.32],[2.596,0],[0,0],[0,-0.792],[0,0],[-0.807,0]],"o":[[2.493,0],[1.452,-1.378],[0,-2.757],[-1.467,-1.334],[0,0],[-0.792,0],[0,0],[0,0.807],[0,0]],"v":[[-49.609,0],[-43.713,-2.068],[-41.535,-8.272],[-43.735,-14.388],[-49.829,-16.39],[-53.349,-16.39],[-54.537,-15.202],[-54.537,-1.21],[-53.327,0]],"c":true},"ix":2},"nm":"D","mn":"ADBE Vector Shape - Group","hd":false},{"ind":1,"ty":"sh","ix":2,"ks":{"a":0,"k":{"i":[[0,0],[-0.352,0],[-0.778,-0.748],[0,-1.833],[0.792,-0.792],[1.422,0],[0,0.426]],"o":[[0,-0.41],[1.437,0],[0.792,0.734],[0,1.834],[-0.792,0.778],[-0.352,0],[0,0]],"v":[[-50.599,-12.628],[-50.071,-13.244],[-46.749,-12.122],[-45.561,-8.272],[-46.749,-4.334],[-50.071,-3.168],[-50.599,-3.806]],"c":true},"ix":2},"nm":"D","mn":"ADBE Vector Shape - Group","hd":false},{"ty":"mm","mm":1,"nm":"Merge Paths 1","mn":"ADBE Vector Filter - Merge","hd":false},{"ty":"fl","c":{"a":0,"k":[1,1,1,1],"ix":4},"o":{"a":0,"k":100,"ix":5},"r":1,"bm":0,"nm":"Fill 1","mn":"ADBE Vector Graphic - Fill","hd":false},{"ty":"tr","p":{"a":0,"k":[0,0],"ix":2},"a":{"a":0,"k":[0,0],"ix":1},"s":{"a":0,"k":[100,100],"ix":3},"r":{"a":0,"k":0,"ix":6},"o":{"a":0,"k":100,"ix":7},"sk":{"a":0,"k":0,"ix":4},"sa":{"a":0,"k":0,"ix":5},"nm":"Transform"}],"nm":"D","np":5,"cix":2,"bm":0,"ix":1,"mn":"ADBE Vector Group","hd":false},{"ty":"gr","it":[{"ind":0,"ty":"sh","ix":1,"ks":{"a":0,"k":{"i":[[0,1.988],[1.202,1.196],[1.672,0],[1.21,-1.195],[0,-1.987],[-1.21,-1.195],[-1.672,0],[-1.203,1.196]],"o":[[0,-1.987],[-1.203,-1.195],[-1.672,0],[-1.21,1.196],[0,1.988],[1.21,1.196],[1.672,0],[1.202,-1.195]],"v":[[-27.257,-6.259],[-29.061,-11.033],[-33.373,-12.826],[-37.696,-11.033],[-39.511,-6.259],[-37.696,-1.485],[-33.373,0.308],[-29.061,-1.485]],"c":true},"ix":2},"nm":"o","mn":"ADBE Vector Shape - Group","hd":false},{"ind":1,"ty":"sh","ix":2,"ks":{"a":0,"k":{"i":[[-1.416,0],[0,-2.266],[1.415,0],[0,2.266]],"o":[[1.415,0],[0,2.266],[-1.416,0],[0,-2.266]],"v":[[-33.384,-9.658],[-31.261,-6.259],[-33.384,-2.86],[-35.507,-6.259]],"c":true},"ix":2},"nm":"o","mn":"ADBE Vector Shape - Group","hd":false},{"ty":"mm","mm":1,"nm":"Merge Paths 1","mn":"ADBE Vector Filter - Merge","hd":false},{"ty":"fl","c":{"a":0,"k":[1,1,1,1],"ix":4},"o":{"a":0,"k":100,"ix":5},"r":1,"bm":0,"nm":"Fill 1","mn":"ADBE Vector Graphic - Fill","hd":false},{"ty":"tr","p":{"a":0,"k":[0,0],"ix":2},"a":{"a":0,"k":[0,0],"ix":1},"s":{"a":0,"k":[100,100],"ix":3},"r":{"a":0,"k":0,"ix":6},"o":{"a":0,"k":100,"ix":7},"sk":{"a":0,"k":0,"ix":4},"sa":{"a":0,"k":0,"ix":5},"nm":"Transform"}],"nm":"o","np":5,"cix":2,"bm":0,"ix":2,"mn":"ADBE Vector Group","hd":false},{"ty":"gr","it":[{"ind":0,"ty":"sh","ix":1,"ks":{"a":0,"k":{"i":[[0,0],[-0.132,0.763],[0,0],[0,0],[-0.778,0],[0,0],[-0.162,0.734],[0,0],[1.217,0],[0.117,-0.689],[0,0],[0,0],[0.762,0],[0,0],[0.161,-0.733],[0,0],[0,0],[1.29,0],[-0.162,-0.674],[0,0],[-0.763,0]],"o":[[0.777,0],[0,0],[0,0],[0.146,0.763],[0,0],[0.762,0],[0,0],[0.161,-0.674],[-1.203,0],[0,0],[0,0],[-0.162,-0.733],[0,0],[-0.763,0],[0,0],[0,0],[-0.118,-0.689],[-1.291,0],[0,0],[0.176,0.734],[0,0]],"v":[[-19.623,0],[-18.259,-1.144],[-16.851,-8.448],[-15.245,-1.144],[-13.859,0],[-11.593,0],[-10.207,-1.1],[-7.743,-11.506],[-9.327,-12.518],[-11.307,-11.484],[-12.759,-3.168],[-14.739,-11.418],[-16.125,-12.518],[-17.203,-12.518],[-18.589,-11.418],[-20.371,-3.168],[-21.955,-11.484],[-24.067,-12.518],[-25.761,-11.506],[-23.187,-1.1],[-21.779,0]],"c":true},"ix":2},"nm":"w","mn":"ADBE Vector Shape - Group","hd":false},{"ty":"fl","c":{"a":0,"k":[1,1,1,1],"ix":4},"o":{"a":0,"k":100,"ix":5},"r":1,"bm":0,"nm":"Fill 1","mn":"ADBE Vector Graphic - Fill","hd":false},{"ty":"tr","p":{"a":0,"k":[0,0],"ix":2},"a":{"a":0,"k":[0,0],"ix":1},"s":{"a":0,"k":[100,100],"ix":3},"r":{"a":0,"k":0,"ix":6},"o":{"a":0,"k":100,"ix":7},"sk":{"a":0,"k":0,"ix":4},"sa":{"a":0,"k":0,"ix":5},"nm":"Transform"}],"nm":"w","np":3,"cix":2,"bm":0,"ix":3,"mn":"ADBE Vector Group","hd":false},{"ty":"gr","it":[{"ind":0,"ty":"sh","ix":1,"ks":{"a":0,"k":{"i":[[0,0.704],[0,0],[0,0],[-0.455,0],[-0.22,-0.322],[0,-0.836],[0,0],[-1.306,0],[0,0.704],[0,0],[2.596,0],[1.32,-1.246],[0,0],[1.07,0],[0,-0.704],[0,0],[-1.306,0]],"o":[[0,0],[0,0],[0.308,-0.176],[0.469,0],[0.234,0.323],[0,0],[0,0.704],[1.305,0],[0,0],[0,-3.388],[-1.394,0],[0,0],[-0.118,-0.689],[-1.056,0],[0,0],[0,0.704],[1.305,0]],"v":[[-1.386,-1.056],[-1.386,-8.36],[-0.308,-9.218],[0.836,-9.482],[1.87,-8.998],[2.222,-7.26],[2.222,-1.056],[4.18,0],[6.138,-1.056],[6.138,-7.744],[2.244,-12.826],[-1.826,-10.956],[-1.936,-11.484],[-3.718,-12.518],[-5.302,-11.462],[-5.302,-1.056],[-3.344,0]],"c":true},"ix":2},"nm":"n","mn":"ADBE Vector Shape - Group","hd":false},{"ty":"fl","c":{"a":0,"k":[1,1,1,1],"ix":4},"o":{"a":0,"k":100,"ix":5},"r":1,"bm":0,"nm":"Fill 1","mn":"ADBE Vector Graphic - Fill","hd":false},{"ty":"tr","p":{"a":0,"k":[0,0],"ix":2},"a":{"a":0,"k":[0,0],"ix":1},"s":{"a":0,"k":[100,100],"ix":3},"r":{"a":0,"k":0,"ix":6},"o":{"a":0,"k":100,"ix":7},"sk":{"a":0,"k":0,"ix":4},"sa":{"a":0,"k":0,"ix":5},"nm":"Transform"}],"nm":"n","np":3,"cix":2,"bm":0,"ix":4,"mn":"ADBE Vector Group","hd":false},{"ty":"gr","it":[{"ind":0,"ty":"sh","ix":1,"ks":{"a":0,"k":{"i":[[0.102,0.69],[0,0],[0,0],[0,0.719],[0,0],[1.305,0],[0,-0.689],[0,0],[-0.543,-0.762],[-0.455,0.102],[-0.646,0.117]],"o":[[0,0],[0,0],[-0.455,0],[0,0],[0,-0.704],[-1.306,0],[0,0],[0,1.394],[0.557,0.763],[0.821,0.102],[0.645,-0.103]],"v":[[14.52,-1.056],[14.212,-2.86],[13.772,-2.86],[13.09,-3.938],[13.09,-16.522],[11.132,-17.578],[9.174,-16.544],[9.174,-4.07],[9.988,-0.836],[11.506,0.154],[13.706,0.132]],"c":true},"ix":2},"nm":"l","mn":"ADBE Vector Shape - Group","hd":false},{"ty":"fl","c":{"a":0,"k":[1,1,1,1],"ix":4},"o":{"a":0,"k":100,"ix":5},"r":1,"bm":0,"nm":"Fill 1","mn":"ADBE Vector Graphic - Fill","hd":false},{"ty":"tr","p":{"a":0,"k":[0,0],"ix":2},"a":{"a":0,"k":[0,0],"ix":1},"s":{"a":0,"k":[100,100],"ix":3},"r":{"a":0,"k":0,"ix":6},"o":{"a":0,"k":100,"ix":7},"sk":{"a":0,"k":0,"ix":4},"sa":{"a":0,"k":0,"ix":5},"nm":"Transform"}],"nm":"l","np":3,"cix":2,"bm":0,"ix":5,"mn":"ADBE Vector Group","hd":false},{"ty":"gr","it":[{"ind":0,"ty":"sh","ix":1,"ks":{"a":0,"k":{"i":[[0,1.988],[1.202,1.196],[1.672,0],[1.21,-1.195],[0,-1.987],[-1.21,-1.195],[-1.672,0],[-1.203,1.196]],"o":[[0,-1.987],[-1.203,-1.195],[-1.672,0],[-1.21,1.196],[0,1.988],[1.21,1.196],[1.672,0],[1.202,-1.195]],"v":[[28.028,-6.259],[26.224,-11.033],[21.912,-12.826],[17.589,-11.033],[15.774,-6.259],[17.589,-1.485],[21.912,0.308],[26.224,-1.485]],"c":true},"ix":2},"nm":"o","mn":"ADBE Vector Shape - Group","hd":false},{"ind":1,"ty":"sh","ix":2,"ks":{"a":0,"k":{"i":[[-1.416,0],[0,-2.266],[1.415,0],[0,2.266]],"o":[[1.415,0],[0,2.266],[-1.416,0],[0,-2.266]],"v":[[21.901,-9.658],[24.024,-6.259],[21.901,-2.86],[19.778,-6.259]],"c":true},"ix":2},"nm":"o","mn":"ADBE Vector Shape - Group","hd":false},{"ty":"mm","mm":1,"nm":"Merge Paths 1","mn":"ADBE Vector Filter - Merge","hd":false},{"ty":"fl","c":{"a":0,"k":[1,1,1,1],"ix":4},"o":{"a":0,"k":100,"ix":5},"r":1,"bm":0,"nm":"Fill 1","mn":"ADBE Vector Graphic - Fill","hd":false},{"ty":"tr","p":{"a":0,"k":[0,0],"ix":2},"a":{"a":0,"k":[0,0],"ix":1},"s":{"a":0,"k":[100,100],"ix":3},"r":{"a":0,"k":0,"ix":6},"o":{"a":0,"k":100,"ix":7},"sk":{"a":0,"k":0,"ix":4},"sa":{"a":0,"k":0,"ix":5},"nm":"Transform"}],"nm":"o","np":5,"cix":2,"bm":0,"ix":6,"mn":"ADBE Vector Group","hd":false},{"ty":"gr","it":[{"ind":0,"ty":"sh","ix":1,"ks":{"a":0,"k":{"i":[[-1.056,0],[0,0.704],[0,0],[3.373,0],[1.158,-0.733],[-0.455,-0.865],[-0.748,0.367],[-0.88,0],[0.044,-0.601],[0.557,-0.073],[1.1,-0.733],[0,-1.334],[-0.675,-0.733],[-1.174,0],[-1.159,1.042]],"o":[[1.07,0],[0,0],[0,-3.813],[-1.76,0],[-0.675,0.367],[0.454,0.851],[0.557,-0.366],[1.173,0],[0.132,0.47],[-1.878,0.191],[-1.1,0.734],[0,1.086],[0.674,0.719],[1.188,0],[0.249,0.836]],"v":[[38.918,0],[40.524,-1.056],[40.524,-7.106],[35.464,-12.826],[31.086,-11.726],[30.756,-9.878],[32.56,-9.152],[34.716,-9.702],[36.41,-8.8],[35.772,-7.986],[31.306,-6.6],[29.656,-3.498],[30.668,-0.77],[33.44,0.308],[36.96,-1.254]],"c":true},"ix":2},"nm":"a","mn":"ADBE Vector Shape - Group","hd":false},{"ind":1,"ty":"sh","ix":2,"ks":{"a":0,"k":{"i":[[0,0.719],[-2.156,0.279],[0,0],[0.645,0]],"o":[[0,-0.997],[0,0],[-0.616,0.66],[-0.895,0]],"v":[[33.374,-3.806],[36.608,-5.72],[36.608,-3.718],[34.716,-2.728]],"c":true},"ix":2},"nm":"a","mn":"ADBE Vector Shape - Group","hd":false},{"ty":"mm","mm":1,"nm":"Merge Paths 1","mn":"ADBE Vector Filter - Merge","hd":false},{"ty":"fl","c":{"a":0,"k":[1,1,1,1],"ix":4},"o":{"a":0,"k":100,"ix":5},"r":1,"bm":0,"nm":"Fill 1","mn":"ADBE Vector Graphic - Fill","hd":false},{"ty":"tr","p":{"a":0,"k":[0,0],"ix":2},"a":{"a":0,"k":[0,0],"ix":1},"s":{"a":0,"k":[100,100],"ix":3},"r":{"a":0,"k":0,"ix":6},"o":{"a":0,"k":100,"ix":7},"sk":{"a":0,"k":0,"ix":4},"sa":{"a":0,"k":0,"ix":5},"nm":"Transform"}],"nm":"a","np":5,"cix":2,"bm":0,"ix":7,"mn":"ADBE Vector Group","hd":false},{"ty":"gr","it":[{"ind":0,"ty":"sh","ix":1,"ks":{"a":0,"k":{"i":[[-1.071,1.012],[-1.056,0],[0,0.704],[0,0],[1.305,0],[-0.015,-0.704],[0,0],[1.114,0],[1.041,-1.217],[0,-1.994],[-0.924,-1.173],[-1.57,0]],"o":[[0.19,0.807],[1.07,0],[0,0],[0,-0.704],[-1.306,0],[0,0],[-0.895,-0.865],[-1.379,0],[-1.027,1.203],[0,1.995],[0.924,1.174],[1.173,0]],"v":[[51.392,-1.21],[53.262,0],[54.868,-1.056],[54.868,-16.522],[52.91,-17.578],[50.974,-16.522],[51.084,-11.528],[48.07,-12.826],[44.44,-11],[42.9,-6.204],[44.286,-1.452],[48.026,0.308]],"c":true},"ix":2},"nm":"d","mn":"ADBE Vector Shape - Group","hd":false},{"ind":1,"ty":"sh","ix":2,"ks":{"a":0,"k":{"i":[[0,2.274],[-0.396,0.558],[-0.675,0],[-0.543,-0.498],[0,0],[0.792,0]],"o":[[0,-1.085],[0.396,-0.572],[0.674,0],[0,0],[-0.47,0.704],[-1.423,0]],"v":[[46.926,-6.314],[47.52,-8.778],[49.126,-9.636],[50.952,-8.888],[50.952,-3.96],[49.06,-2.904]],"c":true},"ix":2},"nm":"d","mn":"ADBE Vector Shape - Group","hd":false},{"ty":"mm","mm":1,"nm":"Merge Paths 1","mn":"ADBE Vector Filter - Merge","hd":false},{"ty":"fl","c":{"a":0,"k":[1,1,1,1],"ix":4},"o":{"a":0,"k":100,"ix":5},"r":1,"bm":0,"nm":"Fill 1","mn":"ADBE Vector Graphic - Fill","hd":false},{"ty":"tr","p":{"a":0,"k":[0,0],"ix":2},"a":{"a":0,"k":[0,0],"ix":1},"s":{"a":0,"k":[100,100],"ix":3},"r":{"a":0,"k":0,"ix":6},"o":{"a":0,"k":100,"ix":7},"sk":{"a":0,"k":0,"ix":4},"sa":{"a":0,"k":0,"ix":5},"nm":"Transform"}],"nm":"d","np":5,"cix":2,"bm":0,"ix":8,"mn":"ADBE Vector Group","hd":false}],"ip":0,"op":120.0000048877,"st":0,"cp":true,"bm":0},{"ddd":0,"ind":3,"ty":4,"nm":"triangle Middle ","parent":7,"sr":1,"ks":{"o":{"a":0,"k":100,"ix":11},"r":{"a":0,"k":0,"ix":10},"p":{"a":0,"k":[106.54,70.762,0],"ix":2,"l":2},"a":{"a":0,"k":[10.378,8.836,0],"ix":1,"l":2},"s":{"a":0,"k":[100,100,100],"ix":6,"l":2}},"ao":0,"shapes":[{"ty":"gr","it":[{"ind":0,"ty":"sh","ix":1,"ks":{"a":0,"k":{"i":[[0,0],[0.494,0.841],[0,0],[0,0],[-0.996,-0.004],[0,0],[0,0],[0.512,-0.854],[0,0]],"o":[[-0.501,0.837],[0,0],[0,0],[-0.504,-0.858],[0,0],[0,0],[0.996,0.004],[0,0],[0,0]],"v":[[1.038,7.749],[-1.172,7.739],[-5.421,0.507],[-9.624,-6.647],[-8.51,-8.582],[0.005,-8.545],[8.519,-8.507],[9.616,-6.562],[5.35,0.554]],"c":true},"ix":2},"nm":"Path 1","mn":"ADBE Vector Shape - Group","hd":false},{"ty":"fl","c":{"a":0,"k":[1,1,1,1],"ix":4},"o":{"a":0,"k":100,"ix":5},"r":1,"bm":0,"nm":"Fill 1","mn":"ADBE Vector Graphic - Fill","hd":false},{"ty":"tr","p":{"a":0,"k":[10.378,8.836],"ix":2},"a":{"a":0,"k":[0,0],"ix":1},"s":{"a":0,"k":[100,100],"ix":3},"r":{"a":0,"k":0,"ix":6},"o":{"a":0,"k":100,"ix":7},"sk":{"a":0,"k":0,"ix":4},"sa":{"a":0,"k":0,"ix":5},"nm":"Transform"}],"nm":"Group 1","np":2,"cix":2,"bm":0,"ix":1,"mn":"ADBE Vector Group","hd":false}],"ip":0,"op":120.0000048877,"st":0,"cp":true,"bm":0},{"ddd":0,"ind":4,"ty":4,"nm":"triangle","parent":7,"sr":1,"ks":{"o":{"a":0,"k":100,"ix":11},"r":{"a":0,"k":0,"ix":10},"p":{"a":0,"k":[106.509,150.813,0],"ix":2,"l":2},"a":{"a":0,"k":[10.378,8.836,0],"ix":1,"l":2},"s":{"a":0,"k":[100,100,100],"ix":6,"l":2}},"ao":0,"shapes":[{"ty":"gr","it":[{"ind":0,"ty":"sh","ix":1,"ks":{"a":0,"k":{"i":[[0,0],[0.494,0.841],[0,0],[0,0],[-0.996,-0.004],[0,0],[0,0],[0.512,-0.854],[0,0]],"o":[[-0.501,0.837],[0,0],[0,0],[-0.504,-0.858],[0,0],[0,0],[0.996,0.004],[0,0],[0,0]],"v":[[1.038,7.749],[-1.172,7.739],[-5.421,0.507],[-9.624,-6.647],[-8.51,-8.582],[0.005,-8.545],[8.519,-8.507],[9.616,-6.562],[5.35,0.554]],"c":true},"ix":2},"nm":"Path 1","mn":"ADBE Vector Shape - Group","hd":false},{"ty":"fl","c":{"a":0,"k":[1,1,1,1],"ix":4},"o":{"a":0,"k":100,"ix":5},"r":1,"bm":0,"nm":"Fill 1","mn":"ADBE Vector Graphic - Fill","hd":false},{"ty":"tr","p":{"a":0,"k":[10.378,8.836],"ix":2},"a":{"a":0,"k":[0,0],"ix":1},"s":{"a":0,"k":[100,100],"ix":3},"r":{"a":0,"k":0,"ix":6},"o":{"a":0,"k":100,"ix":7},"sk":{"a":0,"k":0,"ix":4},"sa":{"a":0,"k":0,"ix":5},"nm":"Transform"}],"nm":"Group 1","np":2,"cix":2,"bm":0,"ix":1,"mn":"ADBE Vector Group","hd":false}],"ip":0,"op":120.0000048877,"st":0,"cp":true,"bm":0},{"ddd":0,"ind":5,"ty":4,"nm":"triangleR ","parent":7,"sr":1,"ks":{"o":{"a":0,"k":100,"ix":11},"r":{"a":0,"k":0,"ix":10},"p":{"a":0,"k":[120.125,172.76,0],"ix":2,"l":2},"a":{"a":0,"k":[7.144,7.2,0],"ix":1,"l":2},"s":{"a":0,"k":[100,100,100],"ix":6,"l":2}},"ao":0,"shapes":[{"ty":"gr","it":[{"ind":0,"ty":"sh","ix":1,"ks":{"a":0,"k":{"i":[[0,0],[0.153,0.681],[0,0],[0,0],[-0.678,-0.22],[0,0],[0,0],[0.535,-0.471],[0,0]],"o":[[-0.524,0.461],[0,0],[0,0],[-0.156,-0.695],[0,0],[0,0],[0.678,0.221],[0,0],[0,0]],"v":[[-2.614,6.488],[-4.118,5.999],[-5.435,0.141],[-6.738,-5.654],[-5.556,-6.73],[0.24,-4.845],[6.036,-2.96],[6.359,-1.394],[1.897,2.525]],"c":true},"ix":2},"nm":"Path 1","mn":"ADBE Vector Shape - Group","hd":false},{"ty":"fl","c":{"a":0,"k":[1,1,1,1],"ix":4},"o":{"a":0,"k":100,"ix":5},"r":1,"bm":0,"nm":"Fill 1","mn":"ADBE Vector Graphic - Fill","hd":false},{"ty":"tr","p":{"a":0,"k":[7.144,7.2],"ix":2},"a":{"a":0,"k":[0,0],"ix":1},"s":{"a":0,"k":[100,100],"ix":3},"r":{"a":0,"k":0,"ix":6},"o":{"a":0,"k":100,"ix":7},"sk":{"a":0,"k":0,"ix":4},"sa":{"a":0,"k":0,"ix":5},"nm":"Transform"}],"nm":"Group 1","np":2,"cix":2,"bm":0,"ix":1,"mn":"ADBE Vector Group","hd":false}],"ip":0,"op":120.0000048877,"st":0,"cp":true,"bm":0},{"ddd":0,"ind":6,"ty":4,"nm":"Group triangle ","parent":7,"sr":1,"ks":{"o":{"a":0,"k":100,"ix":11},"r":{"a":0,"k":0,"ix":10},"p":{"a":0,"k":[101.372,185.585,0],"ix":2,"l":2},"a":{"a":0,"k":[8.496,9.949,0],"ix":1,"l":2},"s":{"a":0,"k":[100,100,100],"ix":6,"l":2}},"ao":0,"shapes":[{"ty":"gr","it":[{"ind":0,"ty":"sh","ix":1,"ks":{"a":0,"k":{"i":[[0,0],[0.533,0.451],[0,0],[0,0],[-0.673,0.233],[0,0],[0,0],[0.142,-0.699],[0,0]],"o":[[-0.14,0.684],[0,0],[0,0],[-0.545,-0.46],[0,0],[0,0],[0.674,-0.234],[0,0],[0,0]],"v":[[4.315,6.009],[2.821,6.527],[-1.767,2.654],[-6.304,-1.178],[-6.013,-2.749],[-0.254,-4.747],[5.504,-6.745],[6.707,-5.691],[5.517,0.126]],"c":true},"ix":2},"nm":"Path 1","mn":"ADBE Vector Shape - Group","hd":false},{"ty":"fl","c":{"a":0,"k":[1,1,1,1],"ix":4},"o":{"a":0,"k":100,"ix":5},"r":1,"bm":0,"nm":"Fill 1","mn":"ADBE Vector Graphic - Fill","hd":false},{"ty":"tr","p":{"a":0,"k":[9.893,12.669],"ix":2},"a":{"a":0,"k":[0,0],"ix":1},"s":{"a":0,"k":[100,100],"ix":3},"r":{"a":0,"k":0,"ix":6},"o":{"a":0,"k":100,"ix":7},"sk":{"a":0,"k":0,"ix":4},"sa":{"a":0,"k":0,"ix":5},"nm":"Transform"}],"nm":"Group 1","np":2,"cix":2,"bm":0,"ix":1,"mn":"ADBE Vector Group","hd":false},{"ty":"gr","it":[{"ind":0,"ty":"sh","ix":1,"ks":{"a":0,"k":{"i":[[0,0],[0.533,0.451],[0,0],[0,0],[-0.673,0.233],[0,0],[0,0],[0.142,-0.699],[0,0]],"o":[[-0.14,0.684],[0,0],[0,0],[-0.545,-0.46],[0,0],[0,0],[0.674,-0.234],[0,0],[0,0]],"v":[[4.315,6.009],[2.821,6.527],[-1.767,2.654],[-6.304,-1.178],[-6.013,-2.749],[-0.254,-4.747],[5.504,-6.745],[6.707,-5.691],[5.517,0.126]],"c":true},"ix":2},"nm":"Path 1","mn":"ADBE Vector Shape - Group","hd":false},{"ty":"fl","c":{"a":0,"k":[1,1,1,1],"ix":4},"o":{"a":0,"k":100,"ix":5},"r":1,"bm":0,"nm":"Fill 1","mn":"ADBE Vector Graphic - Fill","hd":false},{"ty":"tr","p":{"a":0,"k":[7.099,7.229],"ix":2},"a":{"a":0,"k":[0,0],"ix":1},"s":{"a":0,"k":[100,100],"ix":3},"r":{"a":0,"k":0,"ix":6},"o":{"a":0,"k":100,"ix":7},"sk":{"a":0,"k":0,"ix":4},"sa":{"a":0,"k":0,"ix":5},"nm":"Transform"}],"nm":"Group 2","np":2,"cix":2,"bm":0,"ix":2,"mn":"ADBE Vector Group","hd":false}],"ip":0,"op":120.0000048877,"st":0,"cp":true,"bm":0},{"ddd":0,"ind":7,"ty":4,"nm":"Cloud ","sr":1,"ks":{"o":{"a":0,"k":100,"ix":11},"r":{"a":0,"k":0,"ix":10},"p":{"k":[{"s":[255.2123076923077,218.1891938461538,0],"t":0,"i":{"x":1,"y":1},"o":{"x":0,"y":0}},{"s":[255.34464,222.10402461538462,0],"t":1,"i":{"x":1,"y":1},"o":{"x":0,"y":0}},{"s":[255.46751999999995,226.01727999999997,0],"t":2,"i":{"x":1,"y":1},"o":{"x":0,"y":0}},{"s":[255.5967015384615,229.9258092307693,0],"t":3,"i":{"x":1,"y":1},"o":{"x":0,"y":0}},{"s":[255.74321230769226,233.8359138461539,0],"t":4,"i":{"x":1,"y":1},"o":{"x":0,"y":0}},{"s":[256,235.51842461538456,0],"t":5,"i":{"x":1,"y":1},"o":{"x":0,"y":0}},{"s":[256.11815384615386,224.4970338461538,0],"t":6,"i":{"x":1,"y":1},"o":{"x":0,"y":0}},{"s":[256.16226461538463,214.30744615384617,0],"t":7,"i":{"x":1,"y":1},"o":{"x":0,"y":0}},{"s":[256.1685661538462,204.99377230769232,0],"t":8,"i":{"x":1,"y":1},"o":{"x":0,"y":0}},{"s":[256.14493538461545,196.40004923076924,0],"t":9,"i":{"x":1,"y":1},"o":{"x":0,"y":0}},{"s":[256.1008246153846,188.29942153846153,0],"t":10,"i":{"x":1,"y":1},"o":{"x":0,"y":0}},{"s":[256,181.95534769230767,0],"t":11,"i":{"x":1,"y":1},"o":{"x":0,"y":0}},{"s":[255.9905476923077,181.90020923076918,0],"t":12,"i":{"x":1,"y":1},"o":{"x":0,"y":0}},{"s":[255.98424615384616,183.98601846153844,0],"t":13,"i":{"x":1,"y":1},"o":{"x":0,"y":0}},{"s":[255.98267076923082,188.0253046153846,0],"t":14,"i":{"x":1,"y":1},"o":{"x":0,"y":0}},{"s":[255.98424615384616,193.70141538461536,0],"t":15,"i":{"x":1,"y":1},"o":{"x":0,"y":0}},{"s":[255.98739692307691,200.51495384615387,0],"t":16,"i":{"x":1,"y":1},"o":{"x":0,"y":0}},{"s":[255.99212307692304,207.90508307692306,0],"t":17,"i":{"x":1,"y":1},"o":{"x":0,"y":0}},{"s":[255.99684923076921,215.3046646153846,0],"t":18,"i":{"x":1,"y":1},"o":{"x":0,"y":0}},{"s":[256,221.33996307692306,0],"t":19,"i":{"x":1,"y":1},"o":{"x":0,"y":0}},{"s":[256,225.75419076923072,0],"t":20,"i":{"x":1,"y":1},"o":{"x":0,"y":0}},{"s":[256,224.8514953846154,0],"t":21,"i":{"x":1,"y":1},"o":{"x":0,"y":0}},{"s":[256,218.1891938461538,0],"t":22,"i":{"x":1,"y":1},"o":{"x":0,"y":0}},{"s":[256,216.8201846153846,0],"t":23,"i":{"x":1,"y":1},"o":{"x":0,"y":0}},{"s":[256,215.99940923076923,0],"t":24,"i":{"x":1,"y":1},"o":{"x":0,"y":0}}],"l":2},"a":{"a":0,"k":[106.538,77,0],"ix":1,"l":2},"s":{"a":0,"k":[157.53846153846152,157.53846153846152,100],"ix":6,"l":2}},"ao":0,"shapes":[{"ty":"gr","it":[{"ind":0,"ty":"sh","ix":1,"ks":{"a":0,"k":{"i":[[16.993,0],[1.189,-0.139],[0,4.223],[16.993,0],[5.591,-7.717],[7.77,-0.796],[0.042,-18.197],[0,-13.777],[-11.09,-4.65],[-2.763,0],[0,0],[-2.088,1.494],[0,12.779]],"o":[[-1.227,0],[1.54,-3.664],[0,-16.994],[-10.258,0],[-6.299,-3.603],[-18.503,1.896],[-12.483,3.921],[0,12.779],[2.088,1.494],[0,0],[2.763,0],[11.09,-4.65],[0,-16.993]],"v":[[50.77,-9.538],[47.146,-9.319],[49.538,-21.23],[18.77,-52],[-6.159,-39.259],[-27.669,-43.812],[-59.999,-8.127],[-81.538,21.231],[-62.657,49.618],[-55.256,52],[55.256,52],[62.657,49.618],[81.538,21.231]],"c":true},"ix":2},"nm":"Path 1","mn":"ADBE Vector Shape - Group","hd":false},{"ty":"st","c":{"a":0,"k":[1,1,1,1],"ix":3},"o":{"a":0,"k":100,"ix":4},"w":{"a":0,"k":10,"ix":5},"lc":2,"lj":2,"bm":0,"nm":"Stroke 1","mn":"ADBE Vector Graphic - Stroke","hd":false},{"ty":"fl","c":{"a":0,"k":[0.00784313725490196,0.6784313725490196,1,1],"ix":4},"o":{"a":0,"k":100,"ix":5},"r":1,"bm":0,"nm":"Fill 1","mn":"ADBE Vector Graphic - Fill","hd":false},{"ty":"tr","p":{"a":0,"k":[106.538,77],"ix":2},"a":{"a":0,"k":[0,0],"ix":1},"s":{"a":0,"k":[100,100],"ix":3},"r":{"a":0,"k":0,"ix":6},"o":{"a":0,"k":100,"ix":7},"sk":{"a":0,"k":0,"ix":4},"sa":{"a":0,"k":0,"ix":5},"nm":"Transform"}],"nm":"Group 1","np":3,"cix":2,"bm":0,"ix":1,"mn":"ADBE Vector Group","hd":false}],"ip":0,"op":120.0000048877,"st":0,"cp":true,"bm":0}],"markers":[]}