{"v":"5.7.4","fr":24,"ip":0,"op":41,"w":1080,"h":1080,"nm":"Save","ddd":1,"assets":[],"layers":[{"ddd":1,"ind":1,"ty":4,"nm":"Layer 1 Outlines 2","sr":1,"ks":{"o":{"a":0,"k":100,"ix":11},"rx":{"a":1,"k":[{"i":{"x":[0.667],"y":[1]},"o":{"x":[0.333],"y":[0]},"t":11,"s":[-80]},{"i":{"x":[0.667],"y":[1]},"o":{"x":[0.333],"y":[0]},"t":19.215,"s":[51.053]},{"i":{"x":[0.667],"y":[1]},"o":{"x":[0.333],"y":[0]},"t":24.143,"s":[-27.887]},{"i":{"x":[0.667],"y":[1]},"o":{"x":[0.333],"y":[0]},"t":27.428,"s":[19.183]},{"i":{"x":[0.667],"y":[1]},"o":{"x":[0.333],"y":[0]},"t":30.715,"s":[-6.08]},{"t":34,"s":[0]}],"ix":8},"ry":{"a":0,"k":0,"ix":9},"rz":{"a":0,"k":0,"ix":10},"or":{"a":0,"k":[0,0,0],"ix":7},"p":{"a":0,"k":[539.573,282.75,0],"ix":2},"a":{"a":0,"k":[191.073,0.25,0],"ix":1},"s":{"a":0,"k":[100,100,100],"ix":6}},"ao":0,"shapes":[{"ty":"gr","it":[{"ind":0,"ty":"sh","ix":1,"ks":{"a":0,"k":{"i":[[5.894,0],[0,0],[0,-5.893],[0,0],[-3.939,-1.676],[-3.075,2.968],[0,0],[0,0],[-2.711,0],[-1.346,0.577],[0,4.271],[0,0]],"o":[[0,0],[-5.904,0],[0,0],[0,4.282],[3.939,1.677],[0,0],[0,0],[2.017,1.953],[1.409,0],[3.938,-1.676],[0,0],[0,-5.893]],"v":[[180.147,-256.968],[-180.147,-256.968],[-190.823,-246.292],[-190.823,245.469],[-184.332,255.291],[-172.749,253.156],[0,86.812],[172.75,253.156],[180.147,256.145],[184.333,255.291],[190.823,245.469],[190.823,-246.292]],"c":true},"ix":2},"nm":"Path 1","mn":"ADBE Vector Shape - Group","hd":false},{"ty":"fl","c":{"a":0,"k":[1,0.927059397978,0,1],"ix":4},"o":{"a":0,"k":100,"ix":5},"r":1,"bm":0,"nm":"Fill 1","mn":"ADBE Vector Graphic - Fill","hd":false},{"ty":"tr","p":{"a":0,"k":[191.073,257.218],"ix":2},"a":{"a":0,"k":[0,0],"ix":1},"s":{"a":0,"k":[100,100],"ix":3},"r":{"a":0,"k":0,"ix":6},"o":{"a":0,"k":100,"ix":7},"sk":{"a":0,"k":0,"ix":4},"sa":{"a":0,"k":0,"ix":5},"nm":"Transform"}],"nm":"Group 1","np":2,"cix":2,"bm":0,"ix":1,"mn":"ADBE Vector Group","hd":false}],"ip":10,"op":120,"st":0,"bm":0},{"ddd":0,"ind":2,"ty":4,"nm":"Layer 2 Outlines","sr":1,"ks":{"o":{"a":0,"k":100,"ix":11},"r":{"a":0,"k":0,"ix":10},"p":{"a":0,"k":[539.573,539.718,0],"ix":2,"l":2},"a":{"a":0,"k":[191.073,257.218,0],"ix":1,"l":2},"s":{"a":0,"k":[100,100,100],"ix":6,"l":2}},"ao":0,"shapes":[{"ty":"gr","it":[{"ind":0,"ty":"sh","ix":1,"ks":{"a":0,"k":{"i":[[0,0],[0,0],[2.668,0],[2.06,-1.997],[0,0],[0,0],[0,0]],"o":[[0,0],[-2.061,-1.997],[-2.669,0],[0,0],[0,0],[0,0],[0,0]],"v":[[169.472,220.372],[7.398,64.309],[0,61.319],[-7.398,64.309],[-169.472,220.372],[-169.472,-235.617],[169.472,-235.617]],"c":true},"ix":2},"nm":"Path 1","mn":"ADBE Vector Shape - Group","hd":false},{"ind":1,"ty":"sh","ix":2,"ks":{"a":0,"k":{"i":[[5.893,0],[0,0],[0,-5.893],[0,0],[-3.939,-1.676],[-3.075,2.968],[0,0],[0,0],[-2.711,0],[-1.345,0.577],[0,4.27],[0,0]],"o":[[0,0],[-5.903,0],[0,0],[0,4.281],[3.939,1.677],[0,0],[0,0],[2.018,1.953],[1.409,0],[3.939,-1.676],[0,0],[0,-5.893]],"v":[[180.147,-256.968],[-180.148,-256.968],[-190.823,-246.292],[-190.823,245.47],[-184.332,255.291],[-172.749,253.156],[0,86.812],[172.749,253.156],[180.147,256.145],[184.332,255.291],[190.823,245.47],[190.823,-246.292]],"c":true},"ix":2},"nm":"Path 2","mn":"ADBE Vector Shape - Group","hd":false},{"ty":"mm","mm":1,"nm":"Merge Paths 1","mn":"ADBE Vector Filter - Merge","hd":false},{"ty":"fl","c":{"a":0,"k":[1,1,1,1],"ix":4},"o":{"a":0,"k":100,"ix":5},"r":1,"bm":0,"nm":"Fill 1","mn":"ADBE Vector Graphic - Fill","hd":false},{"ty":"tr","p":{"a":0,"k":[191.073,257.218],"ix":2},"a":{"a":0,"k":[0,0],"ix":1},"s":{"a":0,"k":[100,100],"ix":3},"r":{"a":0,"k":0,"ix":6},"o":{"a":0,"k":100,"ix":7},"sk":{"a":0,"k":0,"ix":4},"sa":{"a":0,"k":0,"ix":5},"nm":"Transform"}],"nm":"Group 1","np":4,"cix":2,"bm":0,"ix":1,"mn":"ADBE Vector Group","hd":false}],"ip":0,"op":120,"st":0,"bm":0}],"markers":[]}