{"v":"5.4.3","fr":30,"ip":0,"op":70,"w":512,"h":512,"nm":"Comp 1","ddd":0,"assets":[],"layers":[{"ddd":0,"ind":1,"ty":4,"nm":"Arrow","sr":1,"ks":{"o":{"a":0,"k":100,"ix":11},"r":{"a":1,"k":[{"i":{"x":[0.273],"y":[1]},"o":{"x":[0.176],"y":[0.297]},"n":["0p273_1_0p176_0p297"],"t":10,"s":[0],"e":[-360]},{"t":50}],"ix":10},"p":{"a":0,"k":[278.5,259.25,0],"ix":2},"a":{"a":0,"k":[16.313,14.666,0],"ix":1},"s":{"a":0,"k":[2018.886,2018.886,100],"ix":6}},"ao":0,"shapes":[{"ty":"gr","it":[{"ind":0,"ty":"sh","ix":1,"ks":{"a":0,"k":{"i":[[1.814,1.953],[4.083,-3.795],[0.216,-2.575],[0,0],[0,0],[0,0],[0,0],[-0.632,1.108],[-4.05,-2.31],[2.311,-4.051],[4.051,2.311],[0,0],[-1.927,0.002],[-0.184,5.417]],"o":[[-3.794,-4.083],[-1.837,1.837],[0,0],[0,0],[0,0],[0,0],[0.086,-1.268],[2.311,-4.051],[4.051,2.311],[-2.311,4.051],[0,0],[1.625,1.037],[5.421,-0.007],[0.09,-2.664]],"v":[[8.729,-6.307],[-5.536,-6.831],[-8.697,0.008],[-11.51,0.008],[-7.954,4.518],[-4.354,0.008],[-7.087,0.008],[-6.016,-3.604],[5.503,-6.755],[8.654,4.764],[-2.865,7.913],[-4.064,9.038],[1.374,10.624],[11.421,0.902]],"c":true},"ix":2},"nm":"Path 1","mn":"ADBE Vector Shape - Group","hd":false},{"ty":"fl","c":{"a":0,"k":[0,0.309803921569,0.619607843137,1],"ix":4},"o":{"a":0,"k":100,"ix":5},"r":1,"bm":0,"nm":"Fill 1","mn":"ADBE Vector Graphic - Fill","hd":false},{"ty":"tr","p":{"a":0,"k":[15.011,14.1],"ix":2},"a":{"a":0,"k":[0,0],"ix":1},"s":{"a":0,"k":[100,100],"ix":3},"r":{"a":0,"k":0,"ix":6},"o":{"a":0,"k":100,"ix":7},"sk":{"a":0,"k":0,"ix":4},"sa":{"a":0,"k":0,"ix":5},"nm":"Transform"}],"nm":"Group 1","np":2,"cix":2,"bm":0,"ix":1,"mn":"ADBE Vector Group","hd":false}],"ip":0,"op":90,"st":0,"bm":0},{"ddd":0,"ind":2,"ty":4,"nm":"Circle","sr":1,"ks":{"o":{"a":0,"k":100,"ix":11},"r":{"a":0,"k":0,"ix":10},"p":{"a":0,"k":[252,266,0],"ix":2},"a":{"a":0,"k":[15,15,0],"ix":1},"s":{"a":0,"k":[2018.886,2018.886,100],"ix":6}},"ao":0,"shapes":[{"ty":"gr","it":[{"ind":0,"ty":"sh","ix":1,"ks":{"a":0,"k":{"i":[[0.355,-0.355],[0.356,0.354],[0,0],[0,0.001],[0,0],[0,0],[0,0.195],[0,0],[-0.504,0],[0,-0.504],[0,0],[0,0]],"o":[[-0.356,0.356],[0,0],[0,0],[0,0],[0,0],[-0.104,-0.148],[0,0],[0,-0.504],[0.505,0],[0,0],[0,0],[0.354,0.357]],"v":[[2.024,2.687],[0.735,2.689],[-0.845,1.11],[-0.845,1.109],[-0.955,1],[-0.934,0.978],[-1.112,0.464],[-1.112,-3.187],[-0.2,-4.1],[0.713,-3.187],[0.713,0.086],[2.026,1.398]],"c":true},"ix":2},"nm":"Path 1","mn":"ADBE Vector Shape - Group","hd":false},{"ind":1,"ty":"sh","ix":2,"ks":{"a":0,"k":{"i":[[3.037,0],[0,-3.037],[-3.038,0],[0,3.038]],"o":[[-3.038,0],[0,3.038],[3.037,0],[0,-3.037]],"v":[[0,-5.5],[-5.5,0],[0,5.5],[5.5,0]],"c":true},"ix":2},"nm":"Path 2","mn":"ADBE Vector Shape - Group","hd":false},{"ty":"mm","mm":1,"nm":"Merge Paths 1","mn":"ADBE Vector Filter - Merge","hd":false},{"ty":"fl","c":{"a":0,"k":[0,0.309803921569,0.619607843137,1],"ix":4},"o":{"a":0,"k":100,"ix":5},"r":1,"bm":0,"nm":"Fill 1","mn":"ADBE Vector Graphic - Fill","hd":false},{"ty":"tr","p":{"a":0,"k":[16.5,14.5],"ix":2},"a":{"a":0,"k":[0,0],"ix":1},"s":{"a":0,"k":[100,100],"ix":3},"r":{"a":0,"k":0,"ix":6},"o":{"a":0,"k":100,"ix":7},"sk":{"a":0,"k":0,"ix":4},"sa":{"a":0,"k":0,"ix":5},"nm":"Transform"}],"nm":"Group 2","np":4,"cix":2,"bm":0,"ix":1,"mn":"ADBE Vector Group","hd":false}],"ip":0,"op":90,"st":0,"bm":0}],"markers":[]}